Workbook

Sheet Matrice
A1: ID_Test | B1: Catégorie | C1: Exigence liée | D1: Fonctionnalité | E1: Description | F1: Pré-requis | G1: Données entrée | H1: Résultat attendu | I1: Résultat obtenu | J1: Statut | K1: Sévérité | L1: Testeur | M1: Date | N1: Commentaires
A2: T-001 | B2: IHM | C2: — | D2: Démarrage GUI | E2: Lancement python main.py : splash 5 étapes puis fenêtre principale visible (90% écran, centrée) | F2: — | G2: — | H2: Splash apparaît, fenêtre principale visible sans crash, stderr vide | K2: Bloquant
A3: T-002 | B3: IHM | C3: REQ-001 / REQ-013 | D3: Sélecteur dossier source | E3: Cliquer '...' à droite de 'Dossier source' puis sélectionner un dossier valide | F3: App démarrée | G3: test/inputs/input_nominal | H3: Champ peuplé, previews Début/Fin affichées, stats '5 images | Réf: Auto | Sortie: -' | K3: Bloquant
A4: T-003 | B4: IHM | C4: REQ-002 | D4: Sélecteur image référence | E4: Cliquer '...' à droite de 'Image de référence' et choisir un PNG | F4: App démarrée | G4: test/inputs/input_nominal/face_000.png | H4: Champ peuplé, stats reflète 'Réf: face_000.png' | K4: Majeur
A5: T-004 | B5: IHM | C5: REQ-002 | D5: Sélecteur dossier sortie | E5: Cliquer '...' à droite de 'Dossier de sortie' et choisir un dossier | F5: App démarrée | G5: test/outputs_reels/manual_T004 | H5: Champ peuplé, stats reflète 'Sortie: ✓' | K5: Majeur
A6: T-005 | B6: IHM | C6: REQ-008 | D6: StepIndicator Import - toggle | E6: Décocher puis recocher la case de l'étape 'Import des images' | F6: App démarrée | G6: — | H6: Statut bascule pending↔disabled visuellement (icône + couleur) | K6: Majeur
A7: T-006 | B7: IHM | C7: REQ-008 | D7: StepIndicator Import - statut running | E7: Lancer un workflow et observer l'indicateur Import pendant son exécution | F7: input_nominal sélectionné | G7: input_nominal | H7: Indicateur Import passe au statut 'running' (icône ◉, bordure bleue) | K7: Majeur
A8: T-007 | B8: IHM | C8: REQ-008 | D8: StepIndicator Import - mini progress | E8: Pendant le run, observer la mini barre 60×6 à droite de chaque step | F8: Workflow lancé | G8: input_nominal | H8: Mini barre se remplit progressivement | K8: Mineur
A9: T-008 | B9: IHM | C9: REQ-008 | D9: StepIndicator Align - toggle | E9: Idem T-005 sur 'Alignement des visages' | F9: App démarrée | G9: — | H9: Statut bascule correctement | K9: Majeur
A10: T-009 | B10: IHM | C10: REQ-008 | D10: StepIndicator Align - statut completed | E10: Workflow nominal, observer fin étape align | F10: input_nominal | G10: input_nominal | H10: Indicateur passe à 'completed' (✓ vert, progress 100) | K10: Majeur
A11: T-010 | B11: IHM | C11: REQ-008 | D11: StepIndicator Align - statut error | E11: Image sans visage à l'index 2, retry_detection=1, continue_on_error=False | F11: input_no_face | G11: input_no_face | H11: Indicateur passe à 'error' (✗ rouge) | K11: Majeur
A12: T-011 | B12: IHM | C12: REQ-008 | D12: StepIndicator Morph - toggle | E12: Idem sur 'Morphing facial' | F12: — | G12: — | H12: OK | K12: Majeur
A13: T-012 | B13: IHM | C13: REQ-008 | D13: StepIndicator Morph - running | E13: Idem T-006 sur Morph | F13: — | G13: input_nominal | H13: OK | K13: Majeur
... A119: T-118 | B119: Régression | C119: REQ-018 | D119: DA-1 : restauration référence après redémarrage | E119: Choisir ref, Sauver, fermer, relancer | F119: — | G119: face_000.png | H119: Champ référence pré-rempli au démarrage | K119: Mineur

Sheet Synthèse
A1: MorphoLapse v2.0.0 — Synthèse qualification
A2: Généré le 2026-05-15 20:37:16
A4: Catégorie | B4: Total | C4: OK | D4: NOK | E4: NA | F4: À tester | G4: % OK
A5: IHM | B5: =COUNTIF(Matrice!B:B,"IHM") | C5: =COUNTIFS(Matrice!B:B,"IHM",Matrice!J:J,"OK") | D5: =COUNTIFS(Matrice!B:B,"IHM",Matrice!J:J,"NOK") | E5: =COUNTIFS(Matrice!B:B,"IHM",Matrice!J:J,"NA") | F5: =B5-C5-D5-E5 | G5: =IF(B5=0,"",ROUND(C5/B5*100,1))
A6: Paramètres | B6: =COUNTIF(Matrice!B:B,"Paramètres") | C6: =COUNTIFS(Matrice!B:B,"Paramètres",Matrice!J:J,"OK") | D6: =COUNTIFS(Matrice!B:B,"Paramètres",Matrice!J:J,"NOK") | E6: =COUNTIFS(Matrice!B:B,"Paramètres",Matrice!J:J,"NA") | F6: =B6-C6-D6-E6 | G6: =IF(B6=0,"",ROUND(C6/B6*100,1))
A7: Entrées | B7: =COUNTIF(Matrice!B:B,"Entrées") | C7: =COUNTIFS(Matrice!B:B,"Entrées",Matrice!J:J,"OK") | D7: =COUNTIFS(Matrice!B:B,"Entrées",Matrice!J:J,"NOK") | E7: =COUNTIFS(Matrice!B:B,"Entrées",Matrice!J:J,"NA") | F7: =B7-C7-D7-E7 | G7: =IF(B7=0,"",ROUND(C7/B7*100,1))
A8: Sorties | B8: =COUNTIF(Matrice!B:B,"Sorties") | C8: =COUNTIFS(Matrice!B:B,"Sorties",Matrice!J:J,"OK") | D8: =COUNTIFS(Matrice!B:B,"Sorties",Matrice!J:J,"NOK") | E8: =COUNTIFS(Matrice!B:B,"Sorties",Matrice!J:J,"NA") | F8: =B8-C8-D8-E8 | G8: =IF(B8=0,"",ROUND(C8/B8*100,1))
A9: Cas limites | B9: =COUNTIF(Matrice!B:B,"Cas limites") | C9: =COUNTIFS(Matrice!B:B,"Cas limites",Matrice!J:J,"OK") | D9: =COUNTIFS(Matrice!B:B,"Cas limites",Matrice!J:J,"NOK") | E9: =COUNTIFS(Matrice!B:B,"Cas limites",Matrice!J:J,"NA") | F9: =B9-C9-D9-E9 | G9: =IF(B9=0,"",ROUND(C9/B9*100,1))
A10: Performance | B10: =COUNTIF(Matrice!B:B,"Performance") | C10: =COUNTIFS(Matrice!B:B,"Performance",Matrice!J:J,"OK") | D10: =COUNTIFS(Matrice!B:B,"Performance",Matrice!J:J,"NOK") | E10: =COUNTIFS(Matrice!B:B,"Performance",Matrice!J:J,"NA") | F10: =B10-C10-D10-E10 | G10: =IF(B10=0,"",ROUND(C10/B10*100,1))
A11: Robustesse | B11: =COUNTIF(Matrice!B:B,"Robustesse") | C11: =COUNTIFS(Matrice!B:B,"Robustesse",Matrice!J:J,"OK") | D11: =COUNTIFS(Matrice!B:B,"Robustesse",Matrice!J:J,"NOK") | E11: =COUNTIFS(Matrice!B:B,"Robustesse",Matrice!J:J,"NA") | F11: =B11-C11-D11-E11 | G11: =IF(B11=0,"",ROUND(C11/B11*100,1))
A12: Régression | B12: =COUNTIF(Matrice!B:B,"Régression") | C12: =COUNTIFS(Matrice!B:B,"Régression",Matrice!J:J,"OK") | D12: =COUNTIFS(Matrice!B:B,"Régression",Matrice!J:J,"NOK") | E12: =COUNTIFS(Matrice!B:B,"Régression",Matrice!J:J,"NA") | F12: =B12-C12-D12-E12 | G12: =IF(B12=0,"",ROUND(C12/B12*100,1))
A13: TOTAL | B13: =SUM(B5:B12) | C13: =SUM(C5:C12) | D13: =SUM(D5:D12) | E13: =SUM(E5:E12) | F13: =SUM(F5:F12) | G13: =IF(B13=0,"",ROUND(C13/B13*100,1))
A15: Par sévérité
A16: Sévérité | B16: Total | C16: OK | D16: NOK | E16: % OK
A17: Bloquant | B17: =COUNTIF(Matrice!K:K,"Bloquant") | C17: =COUNTIFS(Matrice!K:K,"Bloquant",Matrice!J:J,"OK") | D17: =COUNTIFS(Matrice!K:K,"Bloquant",Matrice!J:J,"NOK") | E17: =IF(B17=0,"",ROUND(C17/B17*100,1))
A18: Majeur | B18: =COUNTIF(Matrice!K:K,"Majeur") | C18: =COUNTIFS(Matrice!K:K,"Majeur",Matrice!J:J,"OK") | D18: =COUNTIFS(Matrice!K:K,"Majeur",Matrice!J:J,"NOK") | E18: =IF(B18=0,"",ROUND(C18/B18*100,1))
A19: Mineur | B19: =COUNTIF(Matrice!K:K,"Mineur") | C19: =COUNTIFS(Matrice!K:K,"Mineur",Matrice!J:J,"OK") | D19: =COUNTIFS(Matrice!K:K,"Mineur",Matrice!J:J,"NOK") | E19: =IF(B19=0,"",ROUND(C19/B19*100,1))
A23: Légende Statut : OK / NOK / NA / (vide = à tester)
